name,source_path,x0,x1,y0,y1
wall_path2_0000,path2,454,455,317,318
wall_path2_0001,path2,453,457,318,319
wall_path2_0002,path2,452,459,319,320
wall_path2_0003,path2,453,462,320,321
wall_path2_0004,path2,454,464,321,322
wall_path2_0005,path2,456,466,322,323
wall_path2_0006,path2,519,520,322,323
wall_path2_0007,path2,459,468,323,324
wall_path2_0008,path2,517,523,323,324
wall_path2_0009,path2,461,470,324,325
wall_path2_0010,path2,517,526,324,325
wall_path2_0011,path2,463,473,325,326
wall_path2_0012,path2,516,530,325,326
wall_path2_0013,path2,465,475,326,327
wall_path2_0014,path2,516,533,326,327
wall_path2_0015,path2,467,477,327,328
wall_path2_0016,path2,515,520,327,328
wall_path2_0017,path2,522,536,327,328
wall_path2_0018,path2,470,479,328,329
wall_path2_0019,path2,515,519,328,329
wall_path2_0020,path2,526,539,328,329
wall_path2_0021,path2,472,481,329,330
wall_path2_0022,path2,514,519,329,330
wall_path2_0023,path2,529,543,329,330
wall_path2_0024,path2,474,484,330,331
wall_path2_0025,path2,514,518,330,331
wall_path2_0026,path2,532,546,330,331
wall_path2_0027,path2,476,486,331,332
wall_path2_0028,path2,513,518,331,332
wall_path2_0029,path2,535,549,331,332
wall_path2_0030,path2,478,488,332,333
wall_path2_0031,path2,513,517,332,333
wall_path2_0032,path2,539,552,332,333
wall_path2_0033,path2,481,490,333,334
wall_path2_0034,path2,512,517,333,334
wall_path2_0035,path2,542,556,333,334
wall_path2_0036,path2,483,492,334,335
wall_path2_0037,path2,512,516,334,335
wall_path2_0038,path2,545,559,334,335
wall_path2_0039,path2,485,495,335,336
wall_path2_0040,path2,511,516,335,336
wall_path2_0041,path2,549,562,335,336
wall_path2_0042,path2,487,497,336,337
wall_path2_0043,path2,511,515,336,337
wall_path2_0044,path2,552,565,336,337
wall_path2_0045,path2,489,499,337,338
wall_path2_0046,path2,510,515,337,338
wall_path2_0047,path2,555,569,337,338
wall_path2_0048,path2,492,501,338,339
wall_path2_0049,path2,510,514,338,339
wall_path2_0050,path2,558,572,338,339
wall_path2_0051,path2,494,503,339,340
wall_path2_0052,path2,509,514,339,340
wall_path2_0053,path2,562,575,339,340
wall_path2_0054,path2,496,506,340,341
wall_path2_0055,path2,509,513,340,341
wall_path2_0056,path2,565,578,340,341
wall_path2_0057,path2,498,513,341,342
wall_path2_0058,path2,568,582,341,342
wall_path2_0059,path2,500,512,342,343
wall_path2_0060,path2,571,585,342,343
wall_path2_0061,path2,503,512,343,344
wall_path2_0062,path2,575,588,343,344
wall_path2_0063,path2,505,511,344,345
wall_path2_0064,path2,578,591,344,345
wall_path2_0065,path2,507,511,345,346
wall_path2_0066,path2,581,595,345,346
wall_path2_0067,path2,506,511,346,347
wall_path2_0068,path2,584,598,346,347
wall_path2_0069,path2,506,510,347,348
wall_path2_0070,path2,588,601,347,348
wall_path2_0071,path2,506,510,348,349
wall_path2_0072,path2,591,604,348,349
wall_path2_0073,path2,505,510,349,350
wall_path2_0074,path2,594,608,349,350
wall_path2_0075,path2,505,509,350,351
wall_path2_0076,path2,597,611,350,351
wall_path2_0077,path2,505,509,351,352
wall_path2_0078,path2,601,614,351,352
wall_path2_0079,path2,504,509,352,353
wall_path2_0080,path2,604,617,352,353
wall_path2_0081,path2,504,508,353,354
wall_path2_0082,path2,607,621,353,354
wall_path2_0083,path2,504,508,354,355
wall_path2_0084,path2,610,624,354,355
wall_path2_0085,path2,503,508,355,356
wall_path2_0086,path2,614,627,355,356
wall_path2_0087,path2,503,507,356,357
wall_path2_0088,path2,617,630,356,357
wall_path2_0089,path2,503,507,357,358
wall_path2_0090,path2,620,634,357,358
wall_path2_0091,path2,502,507,358,359
wall_path2_0092,path2,623,637,358,359
wall_path2_0093,path2,502,506,359,360
wall_path2_0094,path2,627,640,359,360
wall_path2_0095,path2,502,506,360,361
wall_path2_0096,path2,630,643,360,361
wall_path2_0097,path2,501,506,361,362
wall_path2_0098,path2,633,647,361,362
wall_path2_0099,path2,501,505,362,363
wall_path2_0100,path2,636,650,362,363
wall_path2_0101,path2,501,505,363,364
wall_path2_0102,path2,640,653,363,364
wall_path2_0103,path2,500,505,364,365
wall_path2_0104,path2,643,656,364,365
wall_path2_0105,path2,500,504,365,366
wall_path2_0106,path2,646,660,365,366
wall_path2_0107,path2,500,504,366,367
wall_path2_0108,path2,649,663,366,367
wall_path2_0109,path2,499,504,367,368
wall_path2_0110,path2,653,666,367,368
wall_path2_0111,path2,499,503,368,369
wall_path2_0112,path2,656,669,368,369
wall_path2_0113,path2,499,503,369,370
wall_path2_0114,path2,659,673,369,370
wall_path2_0115,path2,498,503,370,371
wall_path2_0116,path2,662,676,370,371
wall_path2_0117,path2,498,502,371,372
wall_path2_0118,path2,666,679,371,372
wall_path2_0119,path2,498,502,372,373
wall_path2_0120,path2,669,682,372,373
wall_path2_0121,path2,497,503,373,374
wall_path2_0122,path2,672,686,373,374
wall_path2_0123,path2,497,507,374,375
wall_path2_0124,path2,675,689,374,375
wall_path2_0125,path2,498,510,375,376
wall_path2_0126,path2,679,692,375,376
wall_path2_0127,path2,500,513,376,377
wall_path2_0128,path2,682,695,376,377
wall_path2_0129,path2,503,516,377,378
wall_path2_0130,path2,685,699,377,378
wall_path2_0131,path2,506,519,378,379
wall_path2_0132,path2,688,702,378,379
wall_path2_0133,path2,509,522,379,380
wall_path2_0134,path2,692,705,379,380
wall_path2_0135,path2,512,525,380,381
wall_path2_0136,path2,695,708,380,381
wall_path2_0137,path2,515,528,381,382
wall_path2_0138,path2,698,712,381,382
wall_path2_0139,path2,518,532,382,383
wall_path2_0140,path2,701,715,382,383
wall_path2_0141,path2,522,535,383,384
wall_path2_0142,path2,705,718,383,384
wall_path2_0143,path2,525,538,384,385
wall_path2_0144,path2,708,721,384,385
wall_path2_0145,path2,528,541,385,386
wall_path2_0146,path2,711,725,385,386
wall_path2_0147,path2,531,544,386,387
wall_path2_0148,path2,714,728,386,387
wall_path2_0149,path2,534,547,387,388
wall_path2_0150,path2,718,731,387,388
wall_path2_0151,path2,537,550,388,389
wall_path2_0152,path2,721,734,388,389
wall_path2_0153,path2,540,553,389,390
wall_path2_0154,path2,724,738,389,390
wall_path2_0155,path2,543,557,390,391
wall_path2_0156,path2,727,741,390,391
wall_path2_0157,path2,547,560,391,392
wall_path2_0158,path2,731,744,391,392
wall_path2_0159,path2,550,563,392,393
wall_path2_0160,path2,734,747,392,393
wall_path2_0161,path2,553,566,393,394
wall_path2_0162,path2,737,751,393,394
wall_path2_0163,path2,556,569,394,395
wall_path2_0164,path2,740,754,394,395
wall_path2_0165,path2,559,572,395,396
wall_path2_0166,path2,744,757,395,396
wall_path2_0167,path2,562,575,396,397
wall_path2_0168,path2,747,761,396,397
wall_path2_0169,path2,565,578,397,398
wall_path2_0170,path2,750,764,397,398
wall_path2_0171,path2,568,581,398,399
wall_path2_0172,path2,753,767,398,399
wall_path2_0173,path2,572,585,399,400
wall_path2_0174,path2,757,770,399,400
wall_path2_0175,path2,575,588,400,401
wall_path2_0176,path2,760,774,400,401
wall_path2_0177,path2,578,591,401,402
wall_path2_0178,path2,763,777,401,402
wall_path2_0179,path2,581,594,402,403
wall_path2_0180,path2,766,780,402,403
wall_path2_0181,path2,584,597,403,404
wall_path2_0182,path2,770,780,403,404
wall_path2_0183,path2,587,600,404,405
wall_path2_0184,path2,773,781,404,405
wall_path2_0185,path2,590,603,405,406
wall_path2_0186,path2,776,780,405,406
wall_path2_0187,path2,593,606,406,407
wall_path2_0188,path2,776,780,406,407
wall_path2_0189,path2,597,610,407,408
wall_path2_0190,path2,776,780,407,408
wall_path2_0191,path2,600,613,408,409
wall_path2_0192,path2,775,779,408,409
wall_path2_0193,path2,603,616,409,410
wall_path2_0194,path2,775,779,409,410
wall_path2_0195,path2,606,619,410,411
wall_path2_0196,path2,775,779,410,411
wall_path2_0197,path2,609,622,411,412
wall_path2_0198,path2,775,779,411,412
wall_path2_0199,path2,612,625,412,413
wall_path2_0200,path2,774,778,412,413
wall_path2_0201,path2,615,628,413,414
wall_path2_0202,path2,774,778,413,414
wall_path2_0203,path2,618,631,414,415
wall_path2_0204,path2,774,778,414,415
wall_path2_0205,path2,621,635,415,416
wall_path2_0206,path2,773,778,415,416
wall_path2_0207,path2,625,638,416,417
wall_path2_0208,path2,773,777,416,417
wall_path2_0209,path2,628,641,417,418
wall_path2_0210,path2,773,777,417,418
wall_path2_0211,path2,631,644,418,419
wall_path2_0212,path2,773,777,418,419
wall_path2_0213,path2,634,647,419,420
wall_path2_0214,path2,772,776,419,420
wall_path2_0215,path2,637,650,420,421
wall_path2_0216,path2,772,776,420,421
wall_path2_0217,path2,640,653,421,422
wall_path2_0218,path2,772,776,421,422
wall_path2_0219,path2,643,656,422,423
wall_path2_0220,path2,772,776,422,423
wall_path2_0221,path2,646,660,423,424
wall_path2_0222,path2,771,775,423,424
wall_path2_0223,path2,650,663,424,425
wall_path2_0224,path2,771,775,424,425
wall_path2_0225,path2,653,666,425,426
wall_path2_0226,path2,771,775,425,426
wall_path2_0227,path2,656,669,426,427
wall_path2_0228,path2,770,775,426,427
wall_path2_0229,path2,659,672,427,428
wall_path2_0230,path2,770,774,427,428
wall_path2_0231,path2,662,675,428,429
wall_path2_0232,path2,770,774,428,429
wall_path2_0233,path2,665,678,429,430
wall_path2_0234,path2,770,774,429,430
wall_path2_0235,path2,668,681,430,431
wall_path2_0236,path2,769,773,430,431
wall_path2_0237,path2,671,684,431,432
wall_path2_0238,path2,769,773,431,432
wall_path2_0239,path2,675,688,432,433
wall_path2_0240,path2,769,773,432,433
wall_path2_0241,path2,678,691,433,434
wall_path2_0242,path2,769,773,433,434
wall_path2_0243,path2,681,694,434,435
wall_path2_0244,path2,768,772,434,435
wall_path2_0245,path2,684,697,435,436
wall_path2_0246,path2,768,772,435,436
wall_path2_0247,path2,687,700,436,437
wall_path2_0248,path2,768,772,436,437
wall_path2_0249,path2,690,703,437,438
wall_path2_0250,path2,767,772,437,438
wall_path2_0251,path2,693,706,438,439
wall_path2_0252,path2,767,771,438,439
wall_path2_0253,path2,696,709,439,440
wall_path2_0254,path2,767,771,439,440
wall_path2_0255,path2,699,713,440,441
wall_path2_0256,path2,767,771,440,441
wall_path2_0257,path2,703,716,441,442
wall_path2_0258,path2,766,770,441,442
wall_path2_0259,path2,706,719,442,443
wall_path2_0260,path2,766,770,442,443
wall_path2_0261,path2,709,722,443,444
wall_path2_0262,path2,766,770,443,444
wall_path2_0263,path2,712,725,444,445
wall_path2_0264,path2,766,770,444,445
wall_path2_0265,path2,715,728,445,446
wall_path2_0266,path2,765,769,445,446
wall_path2_0267,path2,718,731,446,447
wall_path2_0268,path2,765,769,446,447
wall_path2_0269,path2,721,734,447,448
wall_path2_0270,path2,765,769,447,448
wall_path2_0271,path2,724,738,448,449
wall_path2_0272,path2,764,769,448,449
wall_path2_0273,path2,728,741,449,450
wall_path2_0274,path2,764,768,449,450
wall_path2_0275,path2,731,744,450,451
wall_path2_0276,path2,764,768,450,451
wall_path2_0277,path2,734,747,451,452
wall_path2_0278,path2,764,768,451,452
wall_path2_0279,path2,737,750,452,453
wall_path2_0280,path2,763,767,452,453
wall_path2_0281,path2,740,753,453,454
wall_path2_0282,path2,763,767,453,454
wall_path2_0283,path2,743,756,454,455
wall_path2_0284,path2,763,767,454,455
wall_path2_0285,path2,746,759,455,456
wall_path2_0286,path2,763,767,455,456
wall_path2_0287,path2,749,766,456,457
wall_path2_0288,path2,753,766,457,458
wall_path2_0289,path2,756,766,458,459
wall_path2_0290,path2,759,766,459,460
wall_path2_0291,path2,762,765,460,461
wall_path3_0000,path3,1047,1064,448,449
wall_path3_0001,path3,1046,1064,449,450
wall_path3_0002,path3,1046,1049,450,451
wall_path3_0003,path3,1061,1064,450,451
wall_path3_0004,path3,1046,1049,451,452
wall_path3_0005,path3,1061,1064,451,452
wall_path3_0006,path3,1046,1049,452,453
wall_path3_0007,path3,1061,1064,452,453
wall_path3_0008,path3,1046,1049,453,454
wall_path3_0009,path3,1061,1064,453,454
wall_path3_0010,path3,1046,1049,454,455
wall_path3_0011,path3,1060,1064,454,455
wall_path3_0012,path3,1045,1048,455,456
wall_path3_0013,path3,1060,1063,455,456
wall_path3_0014,path3,1045,1048,456,457
wall_path3_0015,path3,1060,1063,456,457
wall_path3_0016,path3,1045,1048,457,458
wall_path3_0017,path3,1060,1063,457,458
wall_path3_0018,path3,1045,1048,458,459
wall_path3_0019,path3,1060,1063,458,459
wall_path3_0020,path3,1045,1048,459,460
wall_path3_0021,path3,1060,1063,459,460
wall_path3_0022,path3,1045,1048,460,461
wall_path3_0023,path3,1059,1063,460,461
wall_path3_0024,path3,1044,1047,461,462
wall_path3_0025,path3,1059,1062,461,462
wall_path3_0026,path3,963,964,462,463
wall_path3_0027,path3,1044,1047,462,463
wall_path3_0028,path3,1059,1062,462,463
wall_path3_0029,path3,962,969,463,464
wall_path3_0030,path3,1044,1047,463,464
wall_path3_0031,path3,1059,1062,463,464
wall_path3_0032,path3,962,974,464,465
wall_path3_0033,path3,1044,1047,464,465
wall_path3_0034,path3,1059,1062,464,465
wall_path3_0035,path3,963,980,465,466
wall_path3_0036,path3,1044,1047,465,466
wall_path3_0037,path3,1059,1062,465,466
wall_path3_0038,path3,969,985,466,467
wall_path3_0039,path3,1044,1047,466,467
wall_path3_0040,path3,1058,1062,466,467
wall_path3_0041,path3,974,990,467,468
wall_path3_0042,path3,1043,1046,467,468
wall_path3_0043,path3,1058,1061,467,468
wall_path3_0044,path3,979,996,468,469
wall_path3_0045,path3,1043,1046,468,469
wall_path3_0046,path3,1058,1061,468,469
wall_path3_0047,path3,985,1001,469,470
wall_path3_0048,path3,1043,1046,469,470
wall_path3_0049,path3,1058,1061,469,470
wall_path3_0050,path3,990,1006,470,471
wall_path3_0051,path3,1043,1046,470,471
wall_path3_0052,path3,1058,1061,470,471
wall_path3_0053,path3,995,1012,471,472
wall_path3_0054,path3,1043,1046,471,472
wall_path3_0055,path3,1058,1061,471,472
wall_path3_0056,path3,1001,1017,472,473
wall_path3_0057,path3,1043,1046,472,473
wall_path3_0058,path3,1057,1061,472,473
wall_path3_0059,path3,1006,1022,473,474
wall_path3_0060,path3,1042,1045,473,474
wall_path3_0061,path3,1057,1060,473,474
wall_path3_0062,path3,1011,1028,474,475
wall_path3_0063,path3,1042,1045,474,475
wall_path3_0064,path3,1057,1060,474,475
wall_path3_0065,path3,1017,1033,475,476
wall_path3_0066,path3,1042,1045,475,476
wall_path3_0067,path3,1057,1060,475,476
wall_path3_0068,path3,1022,1038,476,477
wall_path3_0069,path3,1042,1045,476,477
wall_path3_0070,path3,1057,1060,476,477
wall_path3_0071,path3,1027,1045,477,478
wall_path3_0072,path3,1057,1060,477,478
wall_path3_0073,path3,1033,1045,478,479
wall_path3_0074,path3,1056,1064,478,479
wall_path3_0075,path3,1038,1044,479,480
wall_path3_0076,path3,1057,1070,479,480
wall_path3_0077,path3,1058,1076,480,481
wall_path3_0078,path3,1064,1081,481,482
wall_path3_0079,path3,1070,1087,482,483
wall_path3_0080,path3,1075,1093,483,484
wall_path3_0081,path3,1081,1098,484,485
wall_path3_0082,path3,1087,1104,485,486
wall_path3_0083,path3,1092,1110,486,487
wall_path3_0084,path3,1098,1115,487,488
wall_path3_0085,path3,1104,1121,488,489
wall_path3_0086,path3,1109,1127,489,490
wall_path3_0087,path3,1115,1132,490,491
wall_path3_0088,path3,1121,1138,491,492
wall_path3_0089,path3,1126,1143,492,493
wall_path3_0090,path3,1132,1144,493,494
wall_path3_0091,path3,1138,1144,494,495
wall_path5_0000,path5,797,804,413,414
wall_path5_0001,path5,797,811,414,415
wall_path5_0002,path5,797,817,415,416
wall_path5_0003,path5,796,799,416,417
wall_path5_0004,path5,804,823,416,417
wall_path5_0005,path5,796,799,417,418
wall_path5_0006,path5,810,829,417,418
wall_path5_0007,path5,796,799,418,419
wall_path5_0008,path5,817,836,418,419
wall_path5_0009,path5,795,798,419,420
wall_path5_0010,path5,823,842,419,420
wall_path5_0011,path5,795,798,420,421
wall_path5_0012,path5,829,848,420,421
wall_path5_0013,path5,795,798,421,422
wall_path5_0014,path5,835,855,421,422
wall_path5_0015,path5,794,798,422,423
wall_path5_0016,path5,842,861,422,423
wall_path5_0017,path5,794,797,423,424
wall_path5_0018,path5,848,867,423,424
wall_path5_0019,path5,794,797,424,425
wall_path5_0020,path5,854,873,424,425
wall_path5_0021,path5,794,797,425,426
wall_path5_0022,path5,861,880,425,426
wall_path5_0023,path5,793,796,426,427
wall_path5_0024,path5,867,886,426,427
wall_path5_0025,path5,793,796,427,428
wall_path5_0026,path5,873,892,427,428
wall_path5_0027,path5,793,796,428,429
wall_path5_0028,path5,880,899,428,429
wall_path5_0029,path5,792,795,429,430
wall_path5_0030,path5,886,905,429,430
wall_path5_0031,path5,792,795,430,431
wall_path5_0032,path5,892,911,430,431
wall_path5_0033,path5,792,795,431,432
wall_path5_0034,path5,898,917,431,432
wall_path5_0035,path5,791,795,432,433
wall_path5_0036,path5,905,924,432,433
wall_path5_0037,path5,791,794,433,434
wall_path5_0038,path5,911,930,433,434
wall_path5_0039,path5,791,794,434,435
wall_path5_0040,path5,917,936,434,435
wall_path5_0041,path5,791,794,435,436
wall_path5_0042,path5,924,943,435,436
wall_path5_0043,path5,790,793,436,437
wall_path5_0044,path5,930,949,436,437
wall_path5_0045,path5,790,793,437,438
wall_path5_0046,path5,936,955,437,438
wall_path5_0047,path5,790,793,438,439
wall_path5_0048,path5,942,961,438,439
wall_path5_0049,path5,789,792,439,440
wall_path5_0050,path5,949,968,439,440
wall_path5_0051,path5,789,792,440,441
wall_path5_0052,path5,955,974,440,441
wall_path5_0053,path5,789,792,441,442
wall_path5_0054,path5,961,980,441,442
wall_path5_0055,path5,788,792,442,443
wall_path5_0056,path5,968,987,442,443
wall_path5_0057,path5,788,791,443,444
wall_path5_0058,path5,974,993,443,444
wall_path5_0059,path5,788,791,444,445
wall_path5_0060,path5,980,999,444,445
wall_path5_0061,path5,788,791,445,446
wall_path5_0062,path5,986,1006,445,446
wall_path5_0063,path5,787,790,446,447
wall_path5_0064,path5,993,1012,446,447
wall_path5_0065,path5,787,790,447,448
wall_path5_0066,path5,999,1018,447,448
wall_path5_0067,path5,787,790,448,449
wall_path5_0068,path5,1005,1019,448,449
wall_path5_0069,path5,786,789,449,450
wall_path5_0070,path5,1012,1019,449,450
wall_path5_0071,path5,786,789,450,451
wall_path5_0072,path5,786,789,451,452
wall_path5_0073,path5,785,789,452,453
wall_path5_0074,path5,785,788,453,454
wall_path5_0075,path5,785,788,454,455
wall_path5_0076,path5,785,788,455,456
wall_path5_0077,path5,784,787,456,457
wall_path5_0078,path5,784,787,457,458
wall_path5_0079,path5,784,787,458,459
wall_path5_0080,path5,783,786,459,460
wall_path5_0081,path5,783,786,460,461
wall_path5_0082,path5,783,786,461,462
wall_path5_0083,path5,782,786,462,463
wall_path5_0084,path5,782,785,463,464
wall_path5_0085,path5,782,785,464,465
wall_path6_0000,path6,204,208,149,150
wall_path6_0001,path6,203,210,150,151
wall_path6_0002,path6,203,212,151,152
wall_path6_0003,path6,202,205,152,153
wall_path6_0004,path6,207,214,152,153
wall_path6_0005,path6,202,205,153,154
wall_path6_0006,path6,209,216,153,154
wall_path6_0007,path6,201,204,154,155
wall_path6_0008,path6,211,218,154,155
wall_path6_0009,path6,201,204,155,156
wall_path6_0010,path6,213,221,155,156
wall_path6_0011,path6,200,203,156,157
wall_path6_0012,path6,216,223,156,157
wall_path6_0013,path6,200,203,157,158
wall_path6_0014,path6,218,225,157,158
wall_path6_0015,path6,199,202,158,159
wall_path6_0016,path6,220,227,158,159
wall_path6_0017,path6,199,202,159,160
wall_path6_0018,path6,222,229,159,160
wall_path6_0019,path6,198,201,160,161
wall_path6_0020,path6,224,232,160,161
wall_path6_0021,path6,198,201,161,162
wall_path6_0022,path6,227,234,161,162
wall_path6_0023,path6,197,200,162,163
wall_path6_0024,path6,229,236,162,163
wall_path6_0025,path6,197,200,163,164
wall_path6_0026,path6,231,238,163,164
wall_path6_0027,path6,196,199,164,165
wall_path6_0028,path6,233,240,164,165
wall_path6_0029,path6,196,199,165,166
wall_path6_0030,path6,235,242,165,166
wall_path6_0031,path6,195,198,166,167
wall_path6_0032,path6,237,245,166,167
wall_path6_0033,path6,195,198,167,168
wall_path6_0034,path6,240,247,167,168
wall_path6_0035,path6,194,197,168,169
wall_path6_0036,path6,242,249,168,169
wall_path6_0037,path6,194,197,169,170
wall_path6_0038,path6,244,251,169,170
wall_path6_0039,path6,193,196,170,171
wall_path6_0040,path6,246,253,170,171
wall_path6_0041,path6,193,196,171,172
wall_path6_0042,path6,248,256,171,172
wall_path6_0043,path6,192,195,172,173
wall_path6_0044,path6,251,258,172,173
wall_path6_0045,path6,192,195,173,174
wall_path6_0046,path6,253,260,173,174
wall_path6_0047,path6,191,194,174,175
wall_path6_0048,path6,255,262,174,175
wall_path6_0049,path6,191,194,175,176
wall_path6_0050,path6,257,264,175,176
wall_path6_0051,path6,190,193,176,177
wall_path6_0052,path6,259,266,176,177
wall_path6_0053,path6,190,193,177,178
wall_path6_0054,path6,261,269,177,178
wall_path6_0055,path6,189,192,178,179
wall_path6_0056,path6,264,271,178,179
wall_path6_0057,path6,188,192,179,180
wall_path6_0058,path6,266,273,179,180
wall_path6_0059,path6,187,191,180,181
wall_path6_0060,path6,268,275,180,181
wall_path6_0061,path6,185,190,181,182
wall_path6_0062,path6,270,277,181,182
wall_path6_0063,path6,184,189,182,183
wall_path6_0064,path6,272,280,182,183
wall_path6_0065,path6,182,188,183,184
wall_path6_0066,path6,229,231,183,184
wall_path6_0067,path6,275,282,183,184
wall_path6_0068,path6,181,186,184,185
wall_path6_0069,path6,228,232,184,185
wall_path6_0070,path6,277,284,184,185
wall_path6_0071,path6,180,185,185,186
wall_path6_0072,path6,227,234,185,186
wall_path6_0073,path6,279,286,185,186
wall_path6_0074,path6,178,183,186,187
wall_path6_0075,path6,226,236,186,187
wall_path6_0076,path6,281,288,186,187
wall_path6_0077,path6,177,182,187,188
wall_path6_0078,path6,225,229,187,188
wall_path6_0079,path6,232,238,187,188
wall_path6_0080,path6,283,290,187,188
wall_path6_0081,path6,175,181,188,189
wall_path6_0082,path6,224,228,188,189
wall_path6_0083,path6,233,239,188,189
wall_path6_0084,path6,285,293,188,189
wall_path6_0085,path6,174,179,189,190
wall_path6_0086,path6,223,227,189,190
wall_path6_0087,path6,235,241,189,190
wall_path6_0088,path6,288,295,189,190
wall_path6_0089,path6,173,178,190,191
wall_path6_0090,path6,222,226,190,191
wall_path6_0091,path6,237,243,190,191
wall_path6_0092,path6,290,297,190,191
wall_path6_0093,path6,171,176,191,192
wall_path6_0094,path6,221,225,191,192
wall_path6_0095,path6,239,245,191,192
wall_path6_0096,path6,292,299,191,192
wall_path6_0097,path6,170,175,192,193
wall_path6_0098,path6,220,224,192,193
wall_path6_0099,path6,240,246,192,193
wall_path6_0100,path6,294,301,192,193
wall_path6_0101,path6,168,174,193,194
wall_path6_0102,path6,219,223,193,194
wall_path6_0103,path6,242,248,193,194
wall_path6_0104,path6,296,304,193,194
wall_path6_0105,path6,167,172,194,195
wall_path6_0106,path6,218,222,194,195
wall_path6_0107,path6,244,250,194,195
wall_path6_0108,path6,299,306,194,195
wall_path6_0109,path6,166,171,195,196
wall_path6_0110,path6,217,221,195,196
wall_path6_0111,path6,246,252,195,196
wall_path6_0112,path6,301,308,195,196
wall_path6_0113,path6,164,169,196,197
wall_path6_0114,path6,216,220,196,197
wall_path6_0115,path6,247,253,196,197
wall_path6_0116,path6,303,310,196,197
wall_path6_0117,path6,163,168,197,198
wall_path6_0118,path6,215,219,197,198
wall_path6_0119,path6,249,255,197,198
wall_path6_0120,path6,305,312,197,198
wall_path6_0121,path6,161,167,198,199
wall_path6_0122,path6,214,218,198,199
wall_path6_0123,path6,251,257,198,199
wall_path6_0124,path6,307,315,198,199
wall_path6_0125,path6,160,165,199,200
wall_path6_0126,path6,213,217,199,200
wall_path6_0127,path6,253,259,199,200
wall_path6_0128,path6,310,317,199,200
wall_path6_0129,path6,159,164,200,201
wall_path6_0130,path6,212,216,200,201
wall_path6_0131,path6,254,260,200,201
wall_path6_0132,path6,312,319,200,201
wall_path6_0133,path6,157,162,201,202
wall_path6_0134,path6,211,215,201,202
wall_path6_0135,path6,256,262,201,202
wall_path6_0136,path6,314,321,201,202
wall_path6_0137,path6,156,161,202,203
wall_path6_0138,path6,210,214,202,203
wall_path6_0139,path6,258,264,202,203
wall_path6_0140,path6,316,323,202,203
wall_path6_0141,path6,154,160,203,204
wall_path6_0142,path6,209,213,203,204
wall_path6_0143,path6,260,266,203,204
wall_path6_0144,path6,318,325,203,204
wall_path6_0145,path6,154,158,204,205
wall_path6_0146,path6,208,212,204,205
wall_path6_0147,path6,261,267,204,205
wall_path6_0148,path6,320,328,204,205
wall_path6_0149,path6,154,158,205,206
wall_path6_0150,path6,207,211,205,206
wall_path6_0151,path6,263,269,205,206
wall_path6_0152,path6,323,330,205,206
wall_path6_0153,path6,155,158,206,207
wall_path6_0154,path6,206,210,206,207
wall_path6_0155,path6,265,271,206,207
wall_path6_0156,path6,325,332,206,207
wall_path6_0157,path6,155,159,207,208
wall_path6_0158,path6,205,209,207,208
wall_path6_0159,path6,267,273,207,208
wall_path6_0160,path6,327,334,207,208
wall_path6_0161,path6,156,160,208,209
wall_path6_0162,path6,204,208,208,209
wall_path6_0163,path6,268,274,208,209
wall_path6_0164,path6,329,336,208,209
wall_path6_0165,path6,157,161,209,210
wall_path6_0166,path6,203,207,209,210
wall_path6_0167,path6,270,276,209,210
wall_path6_0168,path6,331,339,209,210
wall_path6_0169,path6,158,162,210,211
wall_path6_0170,path6,202,206,210,211
wall_path6_0171,path6,272,278,210,211
wall_path6_0172,path6,334,341,210,211
wall_path6_0173,path6,159,162,211,212
wall_path6_0174,path6,201,205,211,212
wall_path6_0175,path6,274,280,211,212
wall_path6_0176,path6,336,343,211,212
wall_path6_0177,path6,159,163,212,213
wall_path6_0178,path6,200,204,212,213
wall_path6_0179,path6,275,281,212,213
wall_path6_0180,path6,338,345,212,213
wall_path6_0181,path6,160,164,213,214
wall_path6_0182,path6,199,203,213,214
wall_path6_0183,path6,277,283,213,214
wall_path6_0184,path6,340,347,213,214
wall_path6_0185,path6,161,165,214,215
wall_path6_0186,path6,198,202,214,215
wall_path6_0187,path6,279,285,214,215
wall_path6_0188,path6,342,349,214,215
wall_path6_0189,path6,162,166,215,216
wall_path6_0190,path6,196,201,215,216
wall_path6_0191,path6,281,287,215,216
wall_path6_0192,path6,344,352,215,216
wall_path6_0193,path6,163,166,216,217
wall_path6_0194,path6,194,200,216,217
wall_path6_0195,path6,282,288,216,217
wall_path6_0196,path6,347,354,216,217
wall_path6_0197,path6,163,167,217,218
wall_path6_0198,path6,193,198,217,218
wall_path6_0199,path6,284,290,217,218
wall_path6_0200,path6,349,356,217,218
wall_path6_0201,path6,164,168,218,219
wall_path6_0202,path6,191,197,218,219
wall_path6_0203,path6,286,292,218,219
wall_path6_0204,path6,351,358,218,219
wall_path6_0205,path6,165,169,219,220
wall_path6_0206,path6,189,195,219,220
wall_path6_0207,path6,288,294,219,220
wall_path6_0208,path6,353,360,219,220
wall_path6_0209,path6,166,170,220,221
wall_path6_0210,path6,188,193,220,221
wall_path6_0211,path6,289,295,220,221
wall_path6_0212,path6,355,363,220,221
wall_path6_0213,path6,167,170,221,222
wall_path6_0214,path6,186,192,221,222
wall_path6_0215,path6,291,297,221,222
wall_path6_0216,path6,358,365,221,222
wall_path6_0217,path6,167,171,222,223
wall_path6_0218,path6,184,190,222,223
wall_path6_0219,path6,293,299,222,223
wall_path6_0220,path6,360,367,222,223
wall_path6_0221,path6,168,172,223,224
wall_path6_0222,path6,183,188,223,224
wall_path6_0223,path6,295,301,223,224
wall_path6_0224,path6,362,369,223,224
wall_path6_0225,path6,169,173,224,225
wall_path6_0226,path6,181,187,224,225
wall_path6_0227,path6,296,303,224,225
wall_path6_0228,path6,364,371,224,225
wall_path6_0229,path6,170,174,225,226
wall_path6_0230,path6,179,185,225,226
wall_path6_0231,path6,298,305,225,226
wall_path6_0232,path6,366,373,225,226
wall_path6_0233,path6,171,174,226,227
wall_path6_0234,path6,178,183,226,227
wall_path6_0235,path6,300,307,226,227
wall_path6_0236,path6,368,376,226,227
wall_path6_0237,path6,171,175,227,228
wall_path6_0238,path6,176,182,227,228
wall_path6_0239,path6,302,309,227,228
wall_path6_0240,path6,371,378,227,228
wall_path6_0241,path6,172,180,228,229
wall_path6_0242,path6,304,311,228,229
wall_path6_0243,path6,373,380,228,229
wall_path6_0244,path6,173,178,229,230
wall_path6_0245,path6,306,313,229,230
wall_path6_0246,path6,375,382,229,230
wall_path6_0247,path6,174,177,230,231
wall_path6_0248,path6,308,315,230,231
wall_path6_0249,path6,377,384,230,231
wall_path6_0250,path6,174,178,231,232
wall_path6_0251,path6,310,317,231,232
wall_path6_0252,path6,379,387,231,232
wall_path6_0253,path6,175,178,232,233
wall_path6_0254,path6,312,319,232,233
wall_path6_0255,path6,382,389,232,233
wall_path6_0256,path6,175,179,233,234
wall_path6_0257,path6,314,321,233,234
wall_path6_0258,path6,384,391,233,234
wall_path6_0259,path6,176,179,234,235
wall_path6_0260,path6,316,323,234,235
wall_path6_0261,path6,386,393,234,235
wall_path6_0262,path6,176,180,235,236
wall_path6_0263,path6,318,325,235,236
wall_path6_0264,path6,388,395,235,236
wall_path6_0265,path6,177,180,236,237
wall_path6_0266,path6,320,327,236,237
wall_path6_0267,path6,390,397,236,237
wall_path6_0268,path6,177,180,237,238
wall_path6_0269,path6,322,329,237,238
wall_path6_0270,path6,392,400,237,238
wall_path6_0271,path6,178,181,238,239
wall_path6_0272,path6,324,331,238,239
wall_path6_0273,path6,395,402,238,239
wall_path6_0274,path6,178,181,239,240
wall_path6_0275,path6,326,333,239,240
wall_path6_0276,path6,397,404,239,240
wall_path6_0277,path6,179,182,240,241
wall_path6_0278,path6,328,335,240,241
wall_path6_0279,path6,399,406,240,241
wall_path6_0280,path6,179,182,241,242
wall_path6_0281,path6,330,337,241,242
wall_path6_0282,path6,401,408,241,242
wall_path6_0283,path6,180,183,242,243
wall_path6_0284,path6,332,339,242,243
wall_path6_0285,path6,403,411,242,243
wall_path6_0286,path6,180,183,243,244
wall_path6_0287,path6,334,341,243,244
wall_path6_0288,path6,406,413,243,244
wall_path6_0289,path6,181,184,244,245
wall_path6_0290,path6,336,343,244,245
wall_path6_0291,path6,408,415,244,245
wall_path6_0292,path6,181,184,245,246
wall_path6_0293,path6,338,345,245,246
wall_path6_0294,path6,410,417,245,246
wall_path6_0295,path6,182,185,246,247
wall_path6_0296,path6,340,347,246,247
wall_path6_0297,path6,412,419,246,247
wall_path6_0298,path6,182,185,247,248
wall_path6_0299,path6,342,349,247,248
wall_path6_0300,path6,414,422,247,248
wall_path6_0301,path6,183,186,248,249
wall_path6_0302,path6,344,351,248,249
wall_path6_0303,path6,417,424,248,249
wall_path6_0304,path6,183,186,249,250
wall_path6_0305,path6,346,353,249,250
wall_path6_0306,path6,419,426,249,250
wall_path6_0307,path6,183,187,250,251
wall_path6_0308,path6,348,355,250,251
wall_path6_0309,path6,421,428,250,251
wall_path6_0310,path6,184,187,251,252
wall_path6_0311,path6,350,357,251,252
wall_path6_0312,path6,423,430,251,252
wall_path6_0313,path6,184,188,252,253
wall_path6_0314,path6,352,359,252,253
wall_path6_0315,path6,425,432,252,253
wall_path6_0316,path6,185,188,253,254
wall_path6_0317,path6,354,361,253,254
wall_path6_0318,path6,427,435,253,254
wall_path6_0319,path6,185,189,254,255
wall_path6_0320,path6,356,363,254,255
wall_path6_0321,path6,430,437,254,255
wall_path6_0322,path6,186,189,255,256
wall_path6_0323,path6,358,365,255,256
wall_path6_0324,path6,432,439,255,256
wall_path6_0325,path6,186,190,256,257
wall_path6_0326,path6,360,367,256,257
wall_path6_0327,path6,434,441,256,257
wall_path6_0328,path6,187,190,257,258
wall_path6_0329,path6,362,369,257,258
wall_path6_0330,path6,436,443,257,258
wall_path6_0331,path6,187,191,258,259
wall_path6_0332,path6,364,371,258,259
wall_path6_0333,path6,438,446,258,259
wall_path6_0334,path6,188,191,259,260
wall_path6_0335,path6,366,373,259,260
wall_path6_0336,path6,441,448,259,260
wall_path6_0337,path6,188,192,260,261
wall_path6_0338,path6,368,375,260,261
wall_path6_0339,path6,443,451,260,261
wall_path6_0340,path6,189,192,261,262
wall_path6_0341,path6,370,377,261,262
wall_path6_0342,path6,445,454,261,262
wall_path6_0343,path6,189,193,262,263
wall_path6_0344,path6,372,379,262,263
wall_path6_0345,path6,448,457,262,263
wall_path6_0346,path6,190,193,263,264
wall_path6_0347,path6,374,381,263,264
wall_path6_0348,path6,451,459,263,264
wall_path6_0349,path6,190,194,264,265
wall_path6_0350,path6,376,384,264,265
wall_path6_0351,path6,453,462,264,265
wall_path6_0352,path6,191,194,265,266
wall_path6_0353,path6,379,386,265,266
wall_path6_0354,path6,456,465,265,266
wall_path6_0355,path6,191,195,266,267
wall_path6_0356,path6,381,388,266,267
wall_path6_0357,path6,459,468,266,267
wall_path6_0358,path6,192,195,267,268
wall_path6_0359,path6,383,390,267,268
wall_path6_0360,path6,462,470,267,268
wall_path6_0361,path6,192,196,268,269
wall_path6_0362,path6,385,392,268,269
wall_path6_0363,path6,464,473,268,269
wall_path6_0364,path6,193,196,269,270
wall_path6_0365,path6,387,394,269,270
wall_path6_0366,path6,467,476,269,270
wall_path6_0367,path6,193,196,270,271
wall_path6_0368,path6,389,396,270,271
wall_path6_0369,path6,470,479,270,271
wall_path6_0370,path6,194,197,271,272
wall_path6_0371,path6,391,398,271,272
wall_path6_0372,path6,473,481,271,272
wall_path6_0373,path6,194,197,272,273
wall_path6_0374,path6,394,401,272,273
wall_path6_0375,path6,475,484,272,273
wall_path6_0376,path6,195,198,273,274
wall_path6_0377,path6,396,403,273,274
wall_path6_0378,path6,478,487,273,274
wall_path6_0379,path6,195,198,274,275
wall_path6_0380,path6,398,405,274,275
wall_path6_0381,path6,481,490,274,275
wall_path6_0382,path6,196,199,275,276
wall_path6_0383,path6,400,407,275,276
wall_path6_0384,path6,484,492,275,276
wall_path6_0385,path6,196,199,276,277
wall_path6_0386,path6,402,409,276,277
wall_path6_0387,path6,486,495,276,277
wall_path6_0388,path6,197,200,277,278
wall_path6_0389,path6,404,411,277,278
wall_path6_0390,path6,489,498,277,278
wall_path6_0391,path6,197,200,278,279
wall_path6_0392,path6,406,413,278,279
wall_path6_0393,path6,492,501,278,279
wall_path6_0394,path6,198,201,279,280
wall_path6_0395,path6,409,416,279,280
wall_path6_0396,path6,495,503,279,280
wall_path6_0397,path6,198,201,280,281
wall_path6_0398,path6,411,418,280,281
wall_path6_0399,path6,497,506,280,281
wall_path6_0400,path6,198,202,281,282
wall_path6_0401,path6,413,420,281,282
wall_path6_0402,path6,500,509,281,282
wall_path6_0403,path6,199,202,282,283
wall_path6_0404,path6,415,422,282,283
wall_path6_0405,path6,503,512,282,283
wall_path6_0406,path6,199,203,283,284
wall_path6_0407,path6,417,424,283,284
wall_path6_0408,path6,506,514,283,284
wall_path6_0409,path6,200,203,284,285
wall_path6_0410,path6,419,426,284,285
wall_path6_0411,path6,508,517,284,285
wall_path6_0412,path6,200,204,285,286
wall_path6_0413,path6,421,428,285,286
wall_path6_0414,path6,511,520,285,286
wall_path6_0415,path6,201,204,286,287
wall_path6_0416,path6,423,431,286,287
wall_path6_0417,path6,514,523,286,287
wall_path6_0418,path6,201,205,287,288
wall_path6_0419,path6,426,433,287,288
wall_path6_0420,path6,517,526,287,288
wall_path6_0421,path6,202,205,288,289
wall_path6_0422,path6,428,435,288,289
wall_path6_0423,path6,519,528,288,289
wall_path6_0424,path6,202,206,289,290
wall_path6_0425,path6,430,437,289,290
wall_path6_0426,path6,522,531,289,290
wall_path6_0427,path6,203,206,290,291
wall_path6_0428,path6,432,439,290,291
wall_path6_0429,path6,525,534,290,291
wall_path6_0430,path6,203,207,291,292
wall_path6_0431,path6,434,441,291,292
wall_path6_0432,path6,528,537,291,292
wall_path6_0433,path6,204,207,292,293
wall_path6_0434,path6,436,443,292,293
wall_path6_0435,path6,531,539,292,293
wall_path6_0436,path6,204,208,293,294
wall_path6_0437,path6,438,446,293,294
wall_path6_0438,path6,533,542,293,294
wall_path6_0439,path6,205,208,294,295
wall_path6_0440,path6,441,448,294,295
wall_path6_0441,path6,536,545,294,295
wall_path6_0442,path6,205,209,295,296
wall_path6_0443,path6,443,450,295,296
wall_path6_0444,path6,539,548,295,296
wall_path6_0445,path6,206,209,296,297
wall_path6_0446,path6,445,452,296,297
wall_path6_0447,path6,542,550,296,297
wall_path6_0448,path6,206,210,297,298
wall_path6_0449,path6,447,454,297,298
wall_path6_0450,path6,544,553,297,298
wall_path6_0451,path6,207,210,298,299
wall_path6_0452,path6,449,456,298,299
wall_path6_0453,path6,547,556,298,299
wall_path6_0454,path6,207,211,299,300
wall_path6_0455,path6,451,458,299,300
wall_path6_0456,path6,550,559,299,300
wall_path6_0457,path6,208,211,300,301
wall_path6_0458,path6,453,460,300,301
wall_path6_0459,path6,553,563,300,301
wall_path6_0460,path6,208,211,301,302
wall_path6_0461,path6,456,463,301,302
wall_path6_0462,path6,556,566,301,302
wall_path6_0463,path6,209,212,302,303
wall_path6_0464,path6,458,465,302,303
wall_path6_0465,path6,559,570,302,303
wall_path6_0466,path6,209,212,303,304
wall_path6_0467,path6,460,467,303,304
wall_path6_0468,path6,562,573,303,304
wall_path6_0469,path6,210,213,304,305
wall_path6_0470,path6,462,469,304,305
wall_path6_0471,path6,566,576,304,305
wall_path6_0472,path6,210,213,305,306
wall_path6_0473,path6,464,471,305,306
wall_path6_0474,path6,569,580,305,306
wall_path6_0475,path6,211,214,306,307
wall_path6_0476,path6,466,473,306,307
wall_path6_0477,path6,573,583,306,307
wall_path6_0478,path6,211,214,307,308
wall_path6_0479,path6,468,475,307,308
wall_path6_0480,path6,576,587,307,308
wall_path6_0481,path6,212,215,308,309
wall_path6_0482,path6,471,478,308,309
wall_path6_0483,path6,579,590,308,309
wall_path6_0484,path6,212,215,309,310
wall_path6_0485,path6,473,480,309,310
wall_path6_0486,path6,583,593,309,310
wall_path6_0487,path6,213,216,310,311
wall_path6_0488,path6,475,482,310,311
wall_path6_0489,path6,586,597,310,311
wall_path6_0490,path6,213,216,311,312
wall_path6_0491,path6,477,484,311,312
wall_path6_0492,path6,590,600,311,312
wall_path6_0493,path6,213,217,312,313
wall_path6_0494,path6,479,486,312,313
wall_path6_0495,path6,593,604,312,313
wall_path6_0496,path6,214,217,313,314
wall_path6_0497,path6,481,488,313,314
wall_path6_0498,path6,596,607,313,314
wall_path6_0499,path6,214,218,314,315
wall_path6_0500,path6,483,490,314,315
wall_path6_0501,path6,600,611,314,315
wall_path6_0502,path6,215,218,315,316
wall_path6_0503,path6,485,493,315,316
wall_path6_0504,path6,603,614,315,316
wall_path6_0505,path6,215,219,316,317
wall_path6_0506,path6,488,495,316,317
wall_path6_0507,path6,607,617,316,317
wall_path6_0508,path6,216,219,317,318
wall_path6_0509,path6,490,496,317,318
wall_path6_0510,path6,610,621,317,318
wall_path6_0511,path6,216,220,318,319
wall_path6_0512,path6,492,497,318,319
wall_path6_0513,path6,614,624,318,319
wall_path6_0514,path6,217,220,319,320
wall_path6_0515,path6,494,496,319,320
wall_path6_0516,path6,617,628,319,320
wall_path6_0517,path6,217,221,320,321
wall_path6_0518,path6,620,631,320,321
wall_path6_0519,path6,218,221,321,322
wall_path6_0520,path6,624,634,321,322
wall_path6_0521,path6,218,222,322,323
wall_path6_0522,path6,627,638,322,323
wall_path6_0523,path6,219,222,323,324
wall_path6_0524,path6,631,641,323,324
wall_path6_0525,path6,219,223,324,325
wall_path6_0526,path6,634,645,324,325
wall_path6_0527,path6,220,223,325,326
wall_path6_0528,path6,637,648,325,326
wall_path6_0529,path6,220,224,326,327
wall_path6_0530,path6,641,651,326,327
wall_path6_0531,path6,221,224,327,328
wall_path6_0532,path6,644,655,327,328
wall_path6_0533,path6,221,225,328,329
wall_path6_0534,path6,648,658,328,329
wall_path6_0535,path6,222,225,329,330
wall_path6_0536,path6,651,662,329,330
wall_path6_0537,path6,222,226,330,331
wall_path6_0538,path6,654,665,330,331
wall_path6_0539,path6,223,226,331,332
wall_path6_0540,path6,658,668,331,332
wall_path6_0541,path6,223,227,332,333
wall_path6_0542,path6,661,672,332,333
wall_path6_0543,path6,224,227,333,334
wall_path6_0544,path6,665,675,333,334
wall_path6_0545,path6,224,227,334,335
wall_path6_0546,path6,668,679,334,335
wall_path6_0547,path6,225,228,335,336
wall_path6_0548,path6,671,682,335,336
wall_path6_0549,path6,225,228,336,337
wall_path6_0550,path6,675,685,336,337
wall_path6_0551,path6,226,229,337,338
wall_path6_0552,path6,678,689,337,338
wall_path6_0553,path6,226,229,338,339
wall_path6_0554,path6,682,692,338,339
wall_path6_0555,path6,227,230,339,340
wall_path6_0556,path6,685,696,339,340
wall_path6_0557,path6,227,230,340,341
wall_path6_0558,path6,688,699,340,341
wall_path6_0559,path6,228,231,341,342
wall_path6_0560,path6,692,702,341,342
wall_path6_0561,path6,228,231,342,343
wall_path6_0562,path6,695,706,342,343
wall_path6_0563,path6,229,232,343,344
wall_path6_0564,path6,699,709,343,344
wall_path6_0565,path6,229,232,344,345
wall_path6_0566,path6,702,713,344,345
wall_path6_0567,path6,229,233,345,346
wall_path6_0568,path6,705,716,345,346
wall_path6_0569,path6,230,233,346,347
wall_path6_0570,path6,709,719,346,347
wall_path6_0571,path6,230,234,347,348
wall_path6_0572,path6,712,723,347,348
wall_path6_0573,path6,231,234,348,349
wall_path6_0574,path6,716,726,348,349
wall_path6_0575,path6,231,235,349,350
wall_path6_0576,path6,719,730,349,350
wall_path6_0577,path6,232,235,350,351
wall_path6_0578,path6,722,734,350,351
wall_path6_0579,path6,232,236,351,352
wall_path6_0580,path6,726,737,351,352
wall_path6_0581,path6,233,236,352,353
wall_path6_0582,path6,730,741,352,353
wall_path6_0583,path6,233,237,353,354
wall_path6_0584,path6,733,745,353,354
wall_path6_0585,path6,234,237,354,355
wall_path6_0586,path6,737,748,354,355
wall_path6_0587,path6,234,238,355,356
wall_path6_0588,path6,741,752,355,356
wall_path6_0589,path6,235,238,356,357
wall_path6_0590,path6,744,756,356,357
wall_path6_0591,path6,235,239,357,358
wall_path6_0592,path6,748,759,357,358
wall_path6_0593,path6,236,239,358,359
wall_path6_0594,path6,752,763,358,359
wall_path6_0595,path6,236,240,359,360
wall_path6_0596,path6,755,767,359,360
wall_path6_0597,path6,237,240,360,361
wall_path6_0598,path6,759,770,360,361
wall_path6_0599,path6,237,241,361,362
wall_path6_0600,path6,763,774,361,362
wall_path6_0601,path6,238,241,362,363
wall_path6_0602,path6,766,778,362,363
wall_path6_0603,path6,238,242,363,364
wall_path6_0604,path6,770,781,363,364
wall_path6_0605,path6,239,242,364,365
wall_path6_0606,path6,774,785,364,365
wall_path6_0607,path6,239,242,365,366
wall_path6_0608,path6,777,789,365,366
wall_path6_0609,path6,240,243,366,367
wall_path6_0610,path6,781,792,366,367
wall_path6_0611,path6,240,243,367,368
wall_path6_0612,path6,785,796,367,368
wall_path6_0613,path6,241,244,368,369
wall_path6_0614,path6,788,800,368,369
wall_path6_0615,path6,241,244,369,370
wall_path6_0616,path6,792,803,369,370
wall_path6_0617,path6,242,245,370,371
wall_path6_0618,path6,796,807,370,371
wall_path6_0619,path6,242,245,371,372
wall_path6_0620,path6,799,811,371,372
wall_path6_0621,path6,243,246,372,373
wall_path6_0622,path6,803,814,372,373
wall_path6_0623,path6,243,246,373,374
wall_path6_0624,path6,807,818,373,374
wall_path6_0625,path6,244,247,374,375
wall_path6_0626,path6,810,822,374,375
wall_path6_0627,path6,244,247,375,376
wall_path6_0628,path6,814,825,375,376
wall_path6_0629,path6,244,248,376,377
wall_path6_0630,path6,818,829,376,377
wall_path6_0631,path6,245,248,377,378
wall_path6_0632,path6,821,833,377,378
wall_path6_0633,path6,245,249,378,379
wall_path6_0634,path6,825,837,378,379
wall_path6_0635,path6,246,249,379,380
wall_path6_0636,path6,829,842,379,380
wall_path6_0637,path6,246,250,380,381
wall_path6_0638,path6,832,847,380,381
wall_path6_0639,path6,247,250,381,382
wall_path6_0640,path6,837,852,381,382
wall_path6_0641,path6,247,251,382,383
wall_path6_0642,path6,842,857,382,383
wall_path6_0643,path6,248,330,383,384
wall_path6_0644,path6,847,862,383,384
wall_path6_0645,path6,248,336,384,385
wall_path6_0646,path6,852,867,384,385
wall_path6_0647,path6,249,343,385,386
wall_path6_0648,path6,857,872,385,386
wall_path6_0649,path6,330,349,386,387
wall_path6_0650,path6,862,877,386,387
wall_path6_0651,path6,336,356,387,388
wall_path6_0652,path6,867,882,387,388
wall_path6_0653,path6,343,362,388,389
wall_path6_0654,path6,872,887,388,389
wall_path6_0655,path6,349,369,389,390
wall_path6_0656,path6,877,892,389,390
wall_path6_0657,path6,356,375,390,391
wall_path6_0658,path6,882,897,390,391
wall_path6_0659,path6,362,382,391,392
wall_path6_0660,path6,887,902,391,392
wall_path6_0661,path6,369,388,392,393
wall_path6_0662,path6,892,908,392,393
wall_path6_0663,path6,375,395,393,394
wall_path6_0664,path6,897,913,393,394
wall_path6_0665,path6,382,401,394,395
wall_path6_0666,path6,902,918,394,395
wall_path6_0667,path6,388,408,395,396
wall_path6_0668,path6,907,923,395,396
wall_path6_0669,path6,395,414,396,397
wall_path6_0670,path6,912,928,396,397
wall_path6_0671,path6,401,421,397,398
wall_path6_0672,path6,917,933,397,398
wall_path6_0673,path6,408,427,398,399
wall_path6_0674,path6,922,940,398,399
wall_path6_0675,path6,414,434,399,400
wall_path6_0676,path6,927,948,399,400
wall_path6_0677,path6,421,441,400,401
wall_path6_0678,path6,932,956,400,401
wall_path6_0679,path6,427,447,401,402
wall_path6_0680,path6,940,964,401,402
wall_path6_0681,path6,434,454,402,403
wall_path6_0682,path6,948,972,402,403
wall_path6_0683,path6,440,457,403,404
wall_path6_0684,path6,956,980,403,404
wall_path6_0685,path6,447,460,404,405
wall_path6_0686,path6,964,988,404,405
wall_path6_0687,path6,453,463,405,406
wall_path6_0688,path6,972,996,405,406
wall_path6_0689,path6,457,467,406,407
wall_path6_0690,path6,980,1004,406,407
wall_path6_0691,path6,460,470,407,408
wall_path6_0692,path6,988,1012,407,408
wall_path6_0693,path6,463,473,408,409
wall_path6_0694,path6,996,1020,408,409
wall_path6_0695,path6,466,476,409,410
wall_path6_0696,path6,1004,1029,409,410
wall_path6_0697,path6,469,479,410,411
wall_path6_0698,path6,1012,1037,410,411
wall_path6_0699,path6,472,482,411,412
wall_path6_0700,path6,1020,1046,411,412
wall_path6_0701,path6,476,485,412,413
wall_path6_0702,path6,1029,1055,412,413
wall_path6_0703,path6,479,488,413,414
wall_path6_0704,path6,1037,1063,413,414
wall_path6_0705,path6,482,492,414,415
wall_path6_0706,path6,1046,1072,414,415
wall_path6_0707,path6,485,495,415,416
wall_path6_0708,path6,1054,1080,415,416
wall_path6_0709,path6,488,498,416,417
wall_path6_0710,path6,1063,1089,416,417
wall_path6_0711,path6,491,501,417,418
wall_path6_0712,path6,1071,1097,417,418
wall_path6_0713,path6,494,504,418,419
wall_path6_0714,path6,1080,1108,418,419
wall_path6_0715,path6,497,507,419,420
wall_path6_0716,path6,1088,1119,419,420
wall_path6_0717,path6,500,510,420,421
wall_path6_0718,path6,1097,1130,420,421
wall_path6_0719,path6,504,513,421,422
wall_path6_0720,path6,1108,1141,421,422
wall_path6_0721,path6,507,516,422,423
wall_path6_0722,path6,1119,1152,422,423
wall_path6_0723,path6,510,520,423,424
wall_path6_0724,path6,1130,1163,423,424
wall_path6_0725,path6,513,523,424,425
wall_path6_0726,path6,1141,1174,424,425
wall_path6_0727,path6,516,526,425,426
wall_path6_0728,path6,1152,1185,425,426
wall_path6_0729,path6,519,529,426,427
wall_path6_0730,path6,1163,1196,426,427
wall_path6_0731,path6,522,532,427,428
wall_path6_0732,path6,1174,1207,427,428
wall_path6_0733,path6,525,535,428,429
wall_path6_0734,path6,1185,1254,428,429
wall_path6_0735,path6,528,538,429,430
wall_path6_0736,path6,1196,1254,429,430
wall_path6_0737,path6,532,541,430,431
wall_path6_0738,path6,1207,1254,430,431
wall_path6_0739,path6,535,544,431,432
wall_path6_0740,path6,1251,1254,431,432
wall_path6_0741,path6,538,548,432,433
wall_path6_0742,path6,1251,1254,432,433
wall_path6_0743,path6,541,551,433,434
wall_path6_0744,path6,1250,1254,433,434
wall_path6_0745,path6,544,554,434,435
wall_path6_0746,path6,1250,1253,434,435
wall_path6_0747,path6,547,557,435,436
wall_path6_0748,path6,1250,1253,435,436
wall_path6_0749,path6,550,560,436,437
wall_path6_0750,path6,1250,1253,436,437
wall_path6_0751,path6,553,563,437,438
wall_path6_0752,path6,1250,1253,437,438
wall_path6_0753,path6,556,566,438,439
wall_path6_0754,path6,1250,1253,438,439
wall_path6_0755,path6,560,569,439,440
wall_path6_0756,path6,1250,1253,439,440
wall_path6_0757,path6,563,572,440,441
wall_path6_0758,path6,1250,1253,440,441
wall_path6_0759,path6,566,576,441,442
wall_path6_0760,path6,1250,1253,441,442
wall_path6_0761,path6,569,579,442,443
wall_path6_0762,path6,1250,1253,442,443
wall_path6_0763,path6,572,582,443,444
wall_path6_0764,path6,1249,1253,443,444
wall_path6_0765,path6,575,585,444,445
wall_path6_0766,path6,1249,1252,444,445
wall_path6_0767,path6,578,588,445,446
wall_path6_0768,path6,1249,1252,445,446
wall_path6_0769,path6,581,591,446,447
wall_path6_0770,path6,1249,1252,446,447
wall_path6_0771,path6,584,594,447,448
wall_path6_0772,path6,1249,1252,447,448
wall_path6_0773,path6,588,597,448,449
wall_path6_0774,path6,1249,1252,448,449
wall_path6_0775,path6,591,601,449,450
wall_path6_0776,path6,1249,1252,449,450
wall_path6_0777,path6,594,604,450,451
wall_path6_0778,path6,1249,1252,450,451
wall_path6_0779,path6,597,607,451,452
wall_path6_0780,path6,1249,1252,451,452
wall_path6_0781,path6,600,610,452,453
wall_path6_0782,path6,1249,1252,452,453
wall_path6_0783,path6,603,613,453,454
wall_path6_0784,path6,1248,1252,453,454
wall_path6_0785,path6,606,616,454,455
wall_path6_0786,path6,1248,1251,454,455
wall_path6_0787,path6,609,619,455,456
wall_path6_0788,path6,1248,1251,455,456
wall_path6_0789,path6,613,622,456,457
wall_path6_0790,path6,1248,1251,456,457
wall_path6_0791,path6,616,625,457,458
wall_path6_0792,path6,1248,1251,457,458
wall_path6_0793,path6,619,629,458,459
wall_path6_0794,path6,1248,1251,458,459
wall_path6_0795,path6,622,632,459,460
wall_path6_0796,path6,1248,1251,459,460
wall_path6_0797,path6,625,635,460,461
wall_path6_0798,path6,1248,1251,460,461
wall_path6_0799,path6,628,638,461,462
wall_path6_0800,path6,1248,1251,461,462
wall_path6_0801,path6,631,641,462,463
wall_path6_0802,path6,1248,1251,462,463
wall_path6_0803,path6,634,644,463,464
wall_path6_0804,path6,1247,1251,463,464
wall_path6_0805,path6,637,647,464,465
wall_path6_0806,path6,1247,1250,464,465
wall_path6_0807,path6,641,650,465,466
wall_path6_0808,path6,1247,1250,465,466
wall_path6_0809,path6,644,653,466,467
wall_path6_0810,path6,1247,1250,466,467
wall_path6_0811,path6,647,657,467,468
wall_path6_0812,path6,1247,1250,467,468
wall_path6_0813,path6,650,660,468,469
wall_path6_0814,path6,1247,1250,468,469
wall_path6_0815,path6,653,663,469,470
wall_path6_0816,path6,1247,1250,469,470
wall_path6_0817,path6,656,666,470,471
wall_path6_0818,path6,1247,1250,470,471
wall_path6_0819,path6,659,669,471,472
wall_path6_0820,path6,1247,1250,471,472
wall_path6_0821,path6,662,672,472,473
wall_path6_0822,path6,1247,1250,472,473
wall_path6_0823,path6,665,675,473,474
wall_path6_0824,path6,1246,1249,473,474
wall_path6_0825,path6,669,678,474,475
wall_path6_0826,path6,1246,1249,474,475
wall_path6_0827,path6,672,681,475,476
wall_path6_0828,path6,1246,1249,475,476
wall_path6_0829,path6,675,685,476,477
wall_path6_0830,path6,1246,1249,476,477
wall_path6_0831,path6,678,688,477,478
wall_path6_0832,path6,1246,1249,477,478
wall_path6_0833,path6,681,691,478,479
wall_path6_0834,path6,1246,1249,478,479
wall_path6_0835,path6,684,694,479,480
wall_path6_0836,path6,1246,1249,479,480
wall_path6_0837,path6,687,697,480,481
wall_path6_0838,path6,1246,1249,480,481
wall_path6_0839,path6,690,700,481,482
wall_path6_0840,path6,1246,1249,481,482
wall_path6_0841,path6,693,703,482,483
wall_path6_0842,path6,1246,1249,482,483
wall_path6_0843,path6,697,706,483,484
wall_path6_0844,path6,1246,1249,483,484
wall_path6_0845,path6,700,709,484,485
wall_path6_0846,path6,1246,1249,484,485
wall_path6_0847,path6,703,713,485,486
wall_path6_0848,path6,1246,1249,485,486
wall_path6_0849,path6,706,716,486,487
wall_path6_0850,path6,1246,1249,486,487
wall_path6_0851,path6,709,719,487,488
wall_path6_0852,path6,1246,1249,487,488
wall_path6_0853,path6,712,722,488,489
wall_path6_0854,path6,1246,1249,488,489
wall_path6_0855,path6,715,725,489,490
wall_path6_0856,path6,1246,1249,489,490
wall_path6_0857,path6,718,728,490,491
wall_path6_0858,path6,1246,1249,490,491
wall_path6_0859,path6,722,731,491,492
wall_path6_0860,path6,1246,1249,491,492
wall_path6_0861,path6,725,734,492,493
wall_path6_0862,path6,1246,1249,492,493
wall_path6_0863,path6,728,738,493,494
wall_path6_0864,path6,1246,1249,493,494
wall_path6_0865,path6,731,742,494,495
wall_path6_0866,path6,1246,1249,494,495
wall_path6_0867,path6,734,746,495,496
wall_path6_0868,path6,1246,1249,495,496
wall_path6_0869,path6,738,750,496,497
wall_path6_0870,path6,1246,1249,496,497
wall_path6_0871,path6,742,754,497,498
wall_path6_0872,path6,1246,1249,497,498
wall_path6_0873,path6,746,758,498,499
wall_path6_0874,path6,1246,1249,498,499
wall_path6_0875,path6,750,762,499,500
wall_path6_0876,path6,1246,1249,499,500
wall_path6_0877,path6,754,766,500,501
wall_path6_0878,path6,1246,1249,500,501
wall_path6_0879,path6,757,770,501,502
wall_path6_0880,path6,1246,1249,501,502
wall_path6_0881,path6,761,773,502,503
wall_path6_0882,path6,1246,1249,502,503
wall_path6_0883,path6,765,777,503,504
wall_path6_0884,path6,1246,1249,503,504
wall_path6_0885,path6,769,781,504,505
wall_path6_0886,path6,1246,1249,504,505
wall_path6_0887,path6,773,785,505,506
wall_path6_0888,path6,1245,1248,505,506
wall_path6_0889,path6,777,789,506,507
wall_path6_0890,path6,1245,1248,506,507
wall_path6_0891,path6,781,793,507,508
wall_path6_0892,path6,1244,1248,507,508
wall_path6_0893,path6,785,797,508,509
wall_path6_0894,path6,1244,1247,508,509
wall_path6_0895,path6,789,801,509,510
wall_path6_0896,path6,1244,1247,509,510
wall_path6_0897,path6,793,805,510,511
wall_path6_0898,path6,1243,1247,510,511
wall_path6_0899,path6,796,808,511,512
wall_path6_0900,path6,1243,1246,511,512
wall_path6_0901,path6,800,812,512,513
wall_path6_0902,path6,1243,1246,512,513
wall_path6_0903,path6,804,816,513,514
wall_path6_0904,path6,1242,1245,513,514
wall_path6_0905,path6,808,820,514,515
wall_path6_0906,path6,1242,1245,514,515
wall_path6_0907,path6,812,824,515,516
wall_path6_0908,path6,1241,1245,515,516
wall_path6_0909,path6,816,828,516,517
wall_path6_0910,path6,1241,1244,516,517
wall_path6_0911,path6,820,832,517,518
wall_path6_0912,path6,1241,1244,517,518
wall_path6_0913,path6,824,836,518,519
wall_path6_0914,path6,1240,1244,518,519
wall_path6_0915,path6,828,840,519,520
wall_path6_0916,path6,1240,1243,519,520
wall_path6_0917,path6,831,843,520,521
wall_path6_0918,path6,1240,1243,520,521
wall_path6_0919,path6,835,847,521,522
wall_path6_0920,path6,1239,1242,521,522
wall_path6_0921,path6,839,851,522,523
wall_path6_0922,path6,1239,1242,522,523
wall_path6_0923,path6,843,855,523,524
wall_path6_0924,path6,1238,1242,523,524
wall_path6_0925,path6,847,859,524,525
wall_path6_0926,path6,1238,1241,524,525
wall_path6_0927,path6,851,863,525,526
wall_path6_0928,path6,1238,1241,525,526
wall_path6_0929,path6,855,867,526,527
wall_path6_0930,path6,1237,1241,526,527
wall_path6_0931,path6,859,871,527,528
wall_path6_0932,path6,1237,1240,527,528
wall_path6_0933,path6,863,875,528,529
wall_path6_0934,path6,1237,1240,528,529
wall_path6_0935,path6,866,878,529,530
wall_path6_0936,path6,1236,1239,529,530
wall_path6_0937,path6,870,882,530,531
wall_path6_0938,path6,1236,1239,530,531
wall_path6_0939,path6,874,886,531,532
wall_path6_0940,path6,1235,1239,531,532
wall_path6_0941,path6,878,890,532,533
wall_path6_0942,path6,1235,1238,532,533
wall_path6_0943,path6,882,894,533,534
wall_path6_0944,path6,1235,1238,533,534
wall_path6_0945,path6,886,898,534,535
wall_path6_0946,path6,1234,1238,534,535
wall_path6_0947,path6,890,902,535,536
wall_path6_0948,path6,1234,1237,535,536
wall_path6_0949,path6,894,906,536,537
wall_path6_0950,path6,1234,1237,536,537
wall_path6_0951,path6,898,911,537,538
wall_path6_0952,path6,997,1012,537,538
wall_path6_0953,path6,1233,1236,537,538
wall_path6_0954,path6,901,921,538,539
wall_path6_0955,path6,997,1059,538,539
wall_path6_0956,path6,1233,1236,538,539
wall_path6_0957,path6,905,931,539,540
wall_path6_0958,path6,997,1106,539,540
wall_path6_0959,path6,1232,1236,539,540
wall_path6_0960,path6,911,941,540,541
wall_path6_0961,path6,997,1000,540,541
wall_path6_0962,path6,1012,1153,540,541
wall_path6_0963,path6,1232,1235,540,541
wall_path6_0964,path6,921,951,541,542
wall_path6_0965,path6,997,1000,541,542
wall_path6_0966,path6,1059,1200,541,542
wall_path6_0967,path6,1232,1235,541,542
wall_path6_0968,path6,931,1000,542,543
wall_path6_0969,path6,1107,1235,542,543
wall_path6_0970,path6,941,1000,543,544
wall_path6_0971,path6,1154,1234,543,544
wall_path6_0972,path6,951,999,544,545
wall_path6_0973,path6,1201,1234,544,545
wall_path7_0000,path7,1076,1086,458,459
wall_path7_0001,path7,1076,1093,459,460
wall_path7_0002,path7,1078,1100,460,461
wall_path7_0003,path7,1085,1108,461,462
wall_path7_0004,path7,1093,1115,462,463
wall_path7_0005,path7,1100,1122,463,464
wall_path7_0006,path7,1107,1130,464,465
wall_path7_0007,path7,1115,1137,465,466
wall_path7_0008,path7,1122,1144,466,467
wall_path7_0009,path7,1129,1152,467,468
wall_path7_0010,path7,1137,1159,468,469
wall_path7_0011,path7,1144,1166,469,470
wall_path7_0012,path7,1151,1174,470,471
wall_path7_0013,path7,1159,1181,471,472
wall_path7_0014,path7,1166,1189,472,473
wall_path7_0015,path7,1173,1201,473,474
wall_path7_0016,path7,1181,1213,474,475
wall_path7_0017,path7,1189,1225,475,476
wall_path7_0018,path7,1201,1237,476,477
wall_path7_0019,path7,1213,1248,477,478
wall_path7_0020,path7,1225,1249,478,479
wall_path7_0021,path7,1237,1249,479,480
